timeStamp,elapsed,label,responseCode,responseMessage,threadName,dataType,success,failureMessage,bytes,sentBytes,grpThreads,allThreads,URL,Latency,IdleTime,Connect
1660568709724,6873,ApiLoginNormal,201,Created,PrivyNormalTest 1-4,text,true,,460,297,200,200,http://pretest-qa.dcidev.id/api/v1/oauth/sign_in,6873,0,5
1660568716598,0,Debug Sampler Api Login Normal,200,OK,PrivyNormalTest 1-4,text,true,,289,0,200,200,null,0,0,0
1660568709719,7042,ApiLoginNormal,201,Created,PrivyNormalTest 1-3,text,true,,460,297,199,199,http://pretest-qa.dcidev.id/api/v1/oauth/sign_in,7042,0,5
1660568716761,0,Debug Sampler Api Login Normal,200,OK,PrivyNormalTest 1-3,text,true,,289,0,199,199,null,0,0,0
1660568709709,7251,ApiLoginNormal,201,Created,PrivyNormalTest 1-1,text,true,,460,297,198,198,http://pretest-qa.dcidev.id/api/v1/oauth/sign_in,7250,0,5
1660568716960,0,Debug Sampler Api Login Normal,200,OK,PrivyNormalTest 1-1,text,true,,289,0,198,198,null,0,0,0
1660568709715,7440,ApiLoginNormal,201,Created,PrivyNormalTest 1-2,text,true,,460,297,197,197,http://pretest-qa.dcidev.id/api/v1/oauth/sign_in,7440,0,5
1660568717155,0,Debug Sampler Api Login Normal,200,OK,PrivyNormalTest 1-2,text,true,,289,0,197,197,null,0,0,0
1660568709729,7649,ApiLoginNormal,201,Created,PrivyNormalTest 1-5,text,true,,460,297,196,196,http://pretest-qa.dcidev.id/api/v1/oauth/sign_in,7649,0,4
1660568717378,1,Debug Sampler Api Login Normal,200,OK,PrivyNormalTest 1-5,text,true,,288,0,196,196,null,0,0,0
1660568709734,13315,ApiLoginNormal,201,Created,PrivyNormalTest 1-6,text,true,,460,297,195,195,http://pretest-qa.dcidev.id/api/v1/oauth/sign_in,13315,0,3
1660568723049,1,Debug Sampler Api Login Normal,200,OK,PrivyNormalTest 1-6,text,true,,289,0,195,195,null,0,0,0
1660568709744,13603,ApiLoginNormal,201,Created,PrivyNormalTest 1-8,text,true,,460,297,194,194,http://pretest-qa.dcidev.id/api/v1/oauth/sign_in,13603,0,5
1660568723347,0,Debug Sampler Api Login Normal,200,OK,PrivyNormalTest 1-8,text,true,,288,0,194,194,null,0,0,0
1660568709749,13868,ApiLoginNormal,201,Created,PrivyNormalTest 1-9,text,true,,460,297,193,193,http://pretest-qa.dcidev.id/api/v1/oauth/sign_in,13868,0,4
1660568723618,0,Debug Sampler Api Login Normal,200,OK,PrivyNormalTest 1-9,text,true,,289,0,193,193,null,0,0,0
1660568709739,14160,ApiLoginNormal,201,Created,PrivyNormalTest 1-7,text,true,,460,297,192,192,http://pretest-qa.dcidev.id/api/v1/oauth/sign_in,14160,0,4
1660568723899,0,Debug Sampler Api Login Normal,200,OK,PrivyNormalTest 1-7,text,true,,289,0,192,192,null,0,0,0
1660568709754,14582,ApiLoginNormal,201,Created,PrivyNormalTest 1-10,text,true,,460,297,191,191,http://pretest-qa.dcidev.id/api/v1/oauth/sign_in,14582,0,4
1660568724336,0,Debug Sampler Api Login Normal,200,OK,PrivyNormalTest 1-10,text,true,,289,0,191,191,null,0,0,0
1660568709758,19810,ApiLoginNormal,201,Created,PrivyNormalTest 1-11,text,true,,460,297,190,190,http://pretest-qa.dcidev.id/api/v1/oauth/sign_in,19810,0,5
1660568729568,0,Debug Sampler Api Login Normal,200,OK,PrivyNormalTest 1-11,text,true,,289,0,190,190,null,0,0,0
1660568709763,20364,ApiLoginNormal,201,Created,PrivyNormalTest 1-12,text,true,,460,297,189,189,http://pretest-qa.dcidev.id/api/v1/oauth/sign_in,20364,0,39
1660568730127,0,Debug Sampler Api Login Normal,200,OK,PrivyNormalTest 1-12,text,true,,290,0,189,189,null,0,0,0
1660568709768,20367,ApiLoginNormal,201,Created,PrivyNormalTest 1-13,text,true,,460,297,188,188,http://pretest-qa.dcidev.id/api/v1/oauth/sign_in,20367,0,55
1660568730135,0,Debug Sampler Api Login Normal,200,OK,PrivyNormalTest 1-13,text,true,,290,0,188,188,null,0,0,0
1660568709773,20684,ApiLoginNormal,201,Created,PrivyNormalTest 1-14,text,true,,460,297,187,187,http://pretest-qa.dcidev.id/api/v1/oauth/sign_in,20684,0,50
1660568730457,0,Debug Sampler Api Login Normal,200,OK,PrivyNormalTest 1-14,text,true,,290,0,187,187,null,0,0,0
1660568709779,20687,ApiLoginNormal,201,Created,PrivyNormalTest 1-15,text,true,,460,297,186,186,http://pretest-qa.dcidev.id/api/v1/oauth/sign_in,20687,0,44
1660568730466,0,Debug Sampler Api Login Normal,200,OK,PrivyNormalTest 1-15,text,true,,290,0,186,186,null,0,0,0
1660568709798,26520,ApiLoginNormal,201,Created,PrivyNormalTest 1-19,text,true,,460,297,185,185,http://pretest-qa.dcidev.id/api/v1/oauth/sign_in,26520,0,25
1660568736318,0,Debug Sampler Api Login Normal,200,OK,PrivyNormalTest 1-19,text,true,,290,0,185,185,null,0,0,0
1660568709789,27061,ApiLoginNormal,201,Created,PrivyNormalTest 1-17,text,true,,460,297,184,184,http://pretest-qa.dcidev.id/api/v1/oauth/sign_in,27061,0,34
1660568736850,0,Debug Sampler Api Login Normal,200,OK,PrivyNormalTest 1-17,text,true,,290,0,184,184,null,0,0,0
1660568709784,27294,ApiLoginNormal,201,Created,PrivyNormalTest 1-16,text,true,,460,297,183,183,http://pretest-qa.dcidev.id/api/v1/oauth/sign_in,27294,0,39
1660568737078,0,Debug Sampler Api Login Normal,200,OK,PrivyNormalTest 1-16,text,true,,290,0,183,183,null,0,0,0
1660568709803,27513,ApiLoginNormal,201,Created,PrivyNormalTest 1-20,text,true,,460,297,182,182,http://pretest-qa.dcidev.id/api/v1/oauth/sign_in,27513,0,20
1660568737316,0,Debug Sampler Api Login Normal,200,OK,PrivyNormalTest 1-20,text,true,,290,0,182,182,null,0,0,0
1660568709794,27683,ApiLoginNormal,201,Created,PrivyNormalTest 1-18,text,true,,460,297,181,181,http://pretest-qa.dcidev.id/api/v1/oauth/sign_in,27683,0,29
1660568737477,0,Debug Sampler Api Login Normal,200,OK,PrivyNormalTest 1-18,text,true,,290,0,181,181,null,0,0,0
1660568709808,37266,ApiLoginNormal,201,Created,PrivyNormalTest 1-21,text,true,,461,297,180,180,http://pretest-qa.dcidev.id/api/v1/oauth/sign_in,37266,0,19
1660568747074,0,Debug Sampler Api Login Normal,200,OK,PrivyNormalTest 1-21,text,true,,290,0,180,180,null,0,0,0
1660568709819,37952,ApiLoginNormal,201,Created,PrivyNormalTest 1-23,text,true,,461,297,179,179,http://pretest-qa.dcidev.id/api/v1/oauth/sign_in,37952,0,9
1660568747771,0,Debug Sampler Api Login Normal,200,OK,PrivyNormalTest 1-23,text,true,,290,0,179,179,null,0,0,0
1660568709815,37972,ApiLoginNormal,201,Created,PrivyNormalTest 1-22,text,true,,461,297,178,178,http://pretest-qa.dcidev.id/api/v1/oauth/sign_in,37971,0,12
1660568747787,0,Debug Sampler Api Login Normal,200,OK,PrivyNormalTest 1-22,text,true,,289,0,178,178,null,0,0,0
1660568709824,38540,ApiLoginNormal,201,Created,PrivyNormalTest 1-24,text,true,,461,297,177,177,http://pretest-qa.dcidev.id/api/v1/oauth/sign_in,38540,0,4
1660568748364,0,Debug Sampler Api Login Normal,200,OK,PrivyNormalTest 1-24,text,true,,290,0,177,177,null,0,0,0
1660568709829,38828,ApiLoginNormal,201,Created,PrivyNormalTest 1-25,text,true,,461,297,176,176,http://pretest-qa.dcidev.id/api/v1/oauth/sign_in,38828,0,4
1660568748657,0,Debug Sampler Api Login Normal,200,OK,PrivyNormalTest 1-25,text,true,,290,0,176,176,null,0,0,0
1660568709834,44783,ApiLoginNormal,201,Created,PrivyNormalTest 1-26,text,true,,460,297,175,175,http://pretest-qa.dcidev.id/api/v1/oauth/sign_in,44783,0,5
1660568754618,0,Debug Sampler Api Login Normal,200,OK,PrivyNormalTest 1-26,text,true,,290,0,175,175,null,0,0,0
1660568709844,45503,ApiLoginNormal,201,Created,PrivyNormalTest 1-28,text,true,,460,297,174,174,http://pretest-qa.dcidev.id/api/v1/oauth/sign_in,45503,0,8
1660568755347,0,Debug Sampler Api Login Normal,200,OK,PrivyNormalTest 1-28,text,true,,290,0,174,174,null,0,0,0
1660568709838,45853,ApiLoginNormal,201,Created,PrivyNormalTest 1-27,text,true,,460,297,173,173,http://pretest-qa.dcidev.id/api/v1/oauth/sign_in,45853,0,4
1660568755691,0,Debug Sampler Api Login Normal,200,OK,PrivyNormalTest 1-27,text,true,,289,0,173,173,null,0,0,0
1660568709850,46434,ApiLoginNormal,201,Created,PrivyNormalTest 1-29,text,true,,460,297,172,172,http://pretest-qa.dcidev.id/api/v1/oauth/sign_in,46434,0,6
1660568756284,0,Debug Sampler Api Login Normal,200,OK,PrivyNormalTest 1-29,text,true,,290,0,172,172,null,0,0,0
1660568709855,46569,ApiLoginNormal,201,Created,PrivyNormalTest 1-30,text,true,,460,297,171,171,http://pretest-qa.dcidev.id/api/v1/oauth/sign_in,46569,0,5
1660568756424,0,Debug Sampler Api Login Normal,200,OK,PrivyNormalTest 1-30,text,true,,290,0,171,171,null,0,0,0
1660568709859,51805,ApiLoginNormal,201,Created,PrivyNormalTest 1-31,text,true,,460,297,170,170,http://pretest-qa.dcidev.id/api/v1/oauth/sign_in,51805,0,7
1660568761665,0,Debug Sampler Api Login Normal,200,OK,PrivyNormalTest 1-31,text,true,,290,0,170,170,null,0,0,0
1660568709864,52364,ApiLoginNormal,201,Created,PrivyNormalTest 1-32,text,true,,460,297,169,169,http://pretest-qa.dcidev.id/api/v1/oauth/sign_in,52364,0,7
1660568762228,0,Debug Sampler Api Login Normal,200,OK,PrivyNormalTest 1-32,text,true,,290,0,169,169,null,0,0,0
1660568709869,52767,ApiLoginNormal,201,Created,PrivyNormalTest 1-33,text,true,,460,297,168,168,http://pretest-qa.dcidev.id/api/v1/oauth/sign_in,52767,0,4
1660568762636,0,Debug Sampler Api Login Normal,200,OK,PrivyNormalTest 1-33,text,true,,290,0,168,168,null,0,0,0
1660568709883,53644,ApiLoginNormal,201,Created,PrivyNormalTest 1-36,text,true,,460,297,167,167,http://pretest-qa.dcidev.id/api/v1/oauth/sign_in,53644,0,223
1660568763527,1,Debug Sampler Api Login Normal,200,OK,PrivyNormalTest 1-36,text,true,,290,0,167,167,null,0,0,0
1660568709909,53621,ApiLoginNormal,201,Created,PrivyNormalTest 1-41,text,true,,460,297,166,166,http://pretest-qa.dcidev.id/api/v1/oauth/sign_in,53621,0,197
1660568763530,0,Debug Sampler Api Login Normal,200,OK,PrivyNormalTest 1-41,text,true,,290,0,166,166,null,0,0,0
1660568709875,59622,ApiLoginNormal,201,Created,PrivyNormalTest 1-34,text,true,,460,297,165,165,http://pretest-qa.dcidev.id/api/v1/oauth/sign_in,59622,0,231
1660568769497,0,Debug Sampler Api Login Normal,200,OK,PrivyNormalTest 1-34,text,true,,289,0,165,165,null,0,0,0
1660568709904,60242,ApiLoginNormal,504,Gateway Time-out,PrivyNormalTest 1-40,text,false,,315,297,164,164,http://pretest-qa.dcidev.id/api/v1/oauth/sign_in,60242,0,202
1660568709954,60192,ApiLoginNormal,504,Gateway Time-out,PrivyNormalTest 1-50,text,false,,315,297,164,164,http://pretest-qa.dcidev.id/api/v1/oauth/sign_in,60192,0,152
1660568709890,60256,ApiLoginNormal,504,Gateway Time-out,PrivyNormalTest 1-37,text,false,,315,297,164,164,http://pretest-qa.dcidev.id/api/v1/oauth/sign_in,60256,0,216
1660568709970,60176,ApiLoginNormal,504,Gateway Time-out,PrivyNormalTest 1-53,text,false,,315,297,164,164,http://pretest-qa.dcidev.id/api/v1/oauth/sign_in,60176,0,136
1660568709900,60246,ApiLoginNormal,504,Gateway Time-out,PrivyNormalTest 1-39,text,false,,315,297,164,164,http://pretest-qa.dcidev.id/api/v1/oauth/sign_in,60246,0,206
1660568770146,0,Debug Sampler Api Login Normal,200,OK,PrivyNormalTest 1-40,text,true,,290,0,164,164,null,0,0,0
1660568709975,60171,ApiLoginNormal,504,Gateway Time-out,PrivyNormalTest 1-54,text,false,,315,297,164,164,http://pretest-qa.dcidev.id/api/v1/oauth/sign_in,60171,0,132
1660568709949,60197,ApiLoginNormal,504,Gateway Time-out,PrivyNormalTest 1-49,text,false,,315,297,164,164,http://pretest-qa.dcidev.id/api/v1/oauth/sign_in,60197,0,157
1660568770146,0,Debug Sampler Api Login Normal,200,OK,PrivyNormalTest 1-37,text,true,,291,0,164,164,null,0,0,0
1660568770146,0,Debug Sampler Api Login Normal,200,OK,PrivyNormalTest 1-53,text,true,,290,0,164,164,null,0,0,0
1660568770146,0,Debug Sampler Api Login Normal,200,OK,PrivyNormalTest 1-39,text,true,,291,0,164,164,null,0,0,0
1660568770146,0,Debug Sampler Api Login Normal,200,OK,PrivyNormalTest 1-50,text,true,,291,0,164,164,null,0,0,0
1660568770146,0,Debug Sampler Api Login Normal,200,OK,PrivyNormalTest 1-49,text,true,,291,0,164,164,null,0,0,0
1660568770146,1,Debug Sampler Api Login Normal,200,OK,PrivyNormalTest 1-54,text,true,,291,0,164,164,null,0,0,0
1660568709935,60212,ApiLoginNormal,504,Gateway Time-out,PrivyNormalTest 1-46,text,false,,315,297,164,164,http://pretest-qa.dcidev.id/api/v1/oauth/sign_in,60212,0,171
1660568709944,60203,ApiLoginNormal,504,Gateway Time-out,PrivyNormalTest 1-48,text,false,,315,297,164,164,http://pretest-qa.dcidev.id/api/v1/oauth/sign_in,60203,0,162
1660568770147,0,Debug Sampler Api Login Normal,200,OK,PrivyNormalTest 1-46,text,true,,291,0,163,163,null,0,0,0
1660568770147,0,Debug Sampler Api Login Normal,200,OK,PrivyNormalTest 1-48,text,true,,291,0,163,163,null,0,0,0
1660568709979,60172,ApiLoginNormal,504,Gateway Time-out,PrivyNormalTest 1-55,text,false,,315,297,155,155,http://pretest-qa.dcidev.id/api/v1/oauth/sign_in,60172,0,128
1660568709989,60162,ApiLoginNormal,504,Gateway Time-out,PrivyNormalTest 1-57,text,false,,315,297,155,155,http://pretest-qa.dcidev.id/api/v1/oauth/sign_in,60162,0,118
1660568709960,60191,ApiLoginNormal,504,Gateway Time-out,PrivyNormalTest 1-51,text,false,,315,297,155,155,http://pretest-qa.dcidev.id/api/v1/oauth/sign_in,60191,0,146
1660568709940,60211,ApiLoginNormal,504,Gateway Time-out,PrivyNormalTest 1-47,text,false,,315,297,155,155,http://pretest-qa.dcidev.id/api/v1/oauth/sign_in,60211,0,166
1660568709895,60256,ApiLoginNormal,504,Gateway Time-out,PrivyNormalTest 1-38,text,false,,315,297,155,155,http://pretest-qa.dcidev.id/api/v1/oauth/sign_in,60256,0,211
1660568709984,60167,ApiLoginNormal,504,Gateway Time-out,PrivyNormalTest 1-56,text,false,,315,297,155,155,http://pretest-qa.dcidev.id/api/v1/oauth/sign_in,60167,0,123
1660568770151,0,Debug Sampler Api Login Normal,200,OK,PrivyNormalTest 1-51,text,true,,291,0,155,155,null,0,0,0
1660568770151,0,Debug Sampler Api Login Normal,200,OK,PrivyNormalTest 1-47,text,true,,291,0,155,155,null,0,0,0
1660568770151,0,Debug Sampler Api Login Normal,200,OK,PrivyNormalTest 1-55,text,true,,291,0,155,155,null,0,0,0
1660568770151,1,Debug Sampler Api Login Normal,200,OK,PrivyNormalTest 1-57,text,true,,291,0,155,155,null,0,0,0
1660568770151,1,Debug Sampler Api Login Normal,200,OK,PrivyNormalTest 1-38,text,true,,291,0,155,155,null,0,0,0
1660568710015,60137,ApiLoginNormal,504,Gateway Time-out,PrivyNormalTest 1-62,text,false,,315,297,155,155,http://pretest-qa.dcidev.id/api/v1/oauth/sign_in,60137,0,92
1660568770152,0,Debug Sampler Api Login Normal,200,OK,PrivyNormalTest 1-56,text,true,,291,0,155,155,null,0,0,0
1660568709965,60187,ApiLoginNormal,504,Gateway Time-out,PrivyNormalTest 1-52,text,false,,315,297,155,155,http://pretest-qa.dcidev.id/api/v1/oauth/sign_in,60187,0,141
1660568709925,60227,ApiLoginNormal,504,Gateway Time-out,PrivyNormalTest 1-44,text,false,,315,297,155,155,http://pretest-qa.dcidev.id/api/v1/oauth/sign_in,60227,0,181
1660568770152,0,Debug Sampler Api Login Normal,200,OK,PrivyNormalTest 1-62,text,true,,291,0,155,155,null,0,0,0
1660568709999,60153,ApiLoginNormal,504,Gateway Time-out,PrivyNormalTest 1-59,text,false,,315,297,155,155,http://pretest-qa.dcidev.id/api/v1/oauth/sign_in,60153,0,108
1660568770152,0,Debug Sampler Api Login Normal,200,OK,PrivyNormalTest 1-52,text,true,,291,0,155,155,null,0,0,0
1660568770152,0,Debug Sampler Api Login Normal,200,OK,PrivyNormalTest 1-44,text,true,,291,0,154,154,null,0,0,0
1660568709918,60234,ApiLoginNormal,504,Gateway Time-out,PrivyNormalTest 1-43,text,false,,315,297,154,154,http://pretest-qa.dcidev.id/api/v1/oauth/sign_in,60234,0,188
1660568770152,0,Debug Sampler Api Login Normal,200,OK,PrivyNormalTest 1-59,text,true,,291,0,154,154,null,0,0,0
1660568770152,0,Debug Sampler Api Login Normal,200,OK,PrivyNormalTest 1-43,text,true,,291,0,151,151,null,0,0,0
1660568710004,60148,ApiLoginNormal,504,Gateway Time-out,PrivyNormalTest 1-60,text,false,,315,297,151,151,http://pretest-qa.dcidev.id/api/v1/oauth/sign_in,60148,0,103
1660568709915,60238,ApiLoginNormal,504,Gateway Time-out,PrivyNormalTest 1-42,text,false,,315,297,150,150,http://pretest-qa.dcidev.id/api/v1/oauth/sign_in,60238,0,191
1660568709930,60223,ApiLoginNormal,504,Gateway Time-out,PrivyNormalTest 1-45,text,false,,315,297,150,150,http://pretest-qa.dcidev.id/api/v1/oauth/sign_in,60223,0,176
1660568770153,0,Debug Sampler Api Login Normal,200,OK,PrivyNormalTest 1-60,text,true,,291,0,150,150,null,0,0,0
1660568770153,0,Debug Sampler Api Login Normal,200,OK,PrivyNormalTest 1-42,text,true,,291,0,150,150,null,0,0,0
1660568710025,60128,ApiLoginNormal,504,Gateway Time-out,PrivyNormalTest 1-64,text,false,,315,297,150,150,http://pretest-qa.dcidev.id/api/v1/oauth/sign_in,60128,0,82
1660568710034,60119,ApiLoginNormal,504,Gateway Time-out,PrivyNormalTest 1-66,text,false,,315,297,148,148,http://pretest-qa.dcidev.id/api/v1/oauth/sign_in,60119,0,73
1660568710074,60080,ApiLoginNormal,504,Gateway Time-out,PrivyNormalTest 1-74,text,false,,315,297,148,148,http://pretest-qa.dcidev.id/api/v1/oauth/sign_in,60080,0,34
1660568710019,60135,ApiLoginNormal,504,Gateway Time-out,PrivyNormalTest 1-63,text,false,,315,297,148,148,http://pretest-qa.dcidev.id/api/v1/oauth/sign_in,60135,0,88
1660568710049,60104,ApiLoginNormal,504,Gateway Time-out,PrivyNormalTest 1-69,text,false,,315,297,148,148,http://pretest-qa.dcidev.id/api/v1/oauth/sign_in,60104,0,58
1660568710030,60123,ApiLoginNormal,504,Gateway Time-out,PrivyNormalTest 1-65,text,false,,315,297,148,148,http://pretest-qa.dcidev.id/api/v1/oauth/sign_in,60123,0,77
1660568710044,60109,ApiLoginNormal,504,Gateway Time-out,PrivyNormalTest 1-68,text,false,,315,297,149,149,http://pretest-qa.dcidev.id/api/v1/oauth/sign_in,60109,0,63
1660568770154,0,Debug Sampler Api Login Normal,200,OK,PrivyNormalTest 1-63,text,true,,291,0,148,148,null,0,0,0
1660568770154,0,Debug Sampler Api Login Normal,200,OK,PrivyNormalTest 1-74,text,true,,291,0,148,148,null,0,0,0
1660568770154,0,Debug Sampler Api Login Normal,200,OK,PrivyNormalTest 1-66,text,true,,291,0,147,147,null,0,0,0
1660568770154,0,Debug Sampler Api Login Normal,200,OK,PrivyNormalTest 1-69,text,true,,291,0,147,147,null,0,0,0
1660568770154,0,Debug Sampler Api Login Normal,200,OK,PrivyNormalTest 1-65,text,true,,291,0,147,147,null,0,0,0
1660568770154,0,Debug Sampler Api Login Normal,200,OK,PrivyNormalTest 1-68,text,true,,291,0,147,147,null,0,0,0
1660568710040,60114,ApiLoginNormal,504,Gateway Time-out,PrivyNormalTest 1-67,text,false,,315,297,147,147,http://pretest-qa.dcidev.id/api/v1/oauth/sign_in,60114,0,67
1660568710084,60069,ApiLoginNormal,504,Gateway Time-out,PrivyNormalTest 1-76,text,false,,315,297,148,148,http://pretest-qa.dcidev.id/api/v1/oauth/sign_in,60069,0,24
1660568710079,60075,ApiLoginNormal,504,Gateway Time-out,PrivyNormalTest 1-75,text,false,,315,297,147,147,http://pretest-qa.dcidev.id/api/v1/oauth/sign_in,60075,0,29
1660568770153,0,Debug Sampler Api Login Normal,200,OK,PrivyNormalTest 1-64,text,true,,291,0,150,150,null,0,0,0
1660568770154,0,Debug Sampler Api Login Normal,200,OK,PrivyNormalTest 1-67,text,true,,291,0,146,146,null,0,0,0
1660568770154,0,Debug Sampler Api Login Normal,200,OK,PrivyNormalTest 1-76,text,true,,291,0,146,146,null,0,0,0
1660568770154,0,Debug Sampler Api Login Normal,200,OK,PrivyNormalTest 1-75,text,true,,291,0,146,146,null,0,0,0
1660568710059,60095,ApiLoginNormal,504,Gateway Time-out,PrivyNormalTest 1-71,text,false,,315,297,145,145,http://pretest-qa.dcidev.id/api/v1/oauth/sign_in,60095,0,49
1660568710054,60101,ApiLoginNormal,504,Gateway Time-out,PrivyNormalTest 1-70,text,false,,315,297,144,144,http://pretest-qa.dcidev.id/api/v1/oauth/sign_in,60101,0,54
1660568709994,60161,ApiLoginNormal,504,Gateway Time-out,PrivyNormalTest 1-58,text,false,,315,297,144,144,http://pretest-qa.dcidev.id/api/v1/oauth/sign_in,60161,0,113
1660568770155,0,Debug Sampler Api Login Normal,200,OK,PrivyNormalTest 1-71,text,true,,291,0,144,144,null,0,0,0
1660568710109,60046,ApiLoginNormal,504,Gateway Time-out,PrivyNormalTest 1-81,text,false,,315,297,143,143,http://pretest-qa.dcidev.id/api/v1/oauth/sign_in,60046,0,5
1660568770155,0,Debug Sampler Api Login Normal,200,OK,PrivyNormalTest 1-58,text,true,,291,0,143,143,null,0,0,0
1660568710101,60054,ApiLoginNormal,504,Gateway Time-out,PrivyNormalTest 1-79,text,false,,315,297,143,143,http://pretest-qa.dcidev.id/api/v1/oauth/sign_in,60054,0,7
1660568710063,60090,ApiLoginNormal,504,Gateway Time-out,PrivyNormalTest 1-72,text,false,,315,297,148,148,http://pretest-qa.dcidev.id/api/v1/oauth/sign_in,60090,0,45
1660568770155,0,Debug Sampler Api Login Normal,200,OK,PrivyNormalTest 1-70,text,true,,291,0,143,143,null,0,0,0
1660568770153,0,Debug Sampler Api Login Normal,200,OK,PrivyNormalTest 1-45,text,true,,291,0,150,150,null,0,0,0
1660568770155,0,Debug Sampler Api Login Normal,200,OK,PrivyNormalTest 1-81,text,true,,291,0,143,143,null,0,0,0
1660568710010,60143,ApiLoginNormal,504,Gateway Time-out,PrivyNormalTest 1-61,text,false,,315,297,148,148,http://pretest-qa.dcidev.id/api/v1/oauth/sign_in,60143,0,97
1660568710105,60048,ApiLoginNormal,504,Gateway Time-out,PrivyNormalTest 1-80,text,false,,315,297,150,150,http://pretest-qa.dcidev.id/api/v1/oauth/sign_in,60048,0,6
1660568770155,0,Debug Sampler Api Login Normal,200,OK,PrivyNormalTest 1-79,text,true,,291,0,142,142,null,0,0,0
1660568770155,0,Debug Sampler Api Login Normal,200,OK,PrivyNormalTest 1-72,text,true,,291,0,142,142,null,0,0,0
1660568770155,0,Debug Sampler Api Login Normal,200,OK,PrivyNormalTest 1-61,text,true,,291,0,142,142,null,0,0,0
1660568710070,60083,ApiLoginNormal,504,Gateway Time-out,PrivyNormalTest 1-73,text,false,,315,297,148,148,http://pretest-qa.dcidev.id/api/v1/oauth/sign_in,60083,0,38
1660568770155,0,Debug Sampler Api Login Normal,200,OK,PrivyNormalTest 1-80,text,true,,291,0,141,141,null,0,0,0
1660568709878,60275,ApiLoginNormal,504,Gateway Time-out,PrivyNormalTest 1-35,text,false,,315,297,150,150,http://pretest-qa.dcidev.id/api/v1/oauth/sign_in,60275,0,228
1660568770155,0,Debug Sampler Api Login Normal,200,OK,PrivyNormalTest 1-73,text,true,,291,0,140,140,null,0,0,0
1660568770155,0,Debug Sampler Api Login Normal,200,OK,PrivyNormalTest 1-35,text,true,,291,0,140,140,null,0,0,0
1660568710114,60045,ApiLoginNormal,504,Gateway Time-out,PrivyNormalTest 1-82,text,false,,315,297,121,121,http://pretest-qa.dcidev.id/api/v1/oauth/sign_in,60045,0,4
1660568770159,0,Debug Sampler Api Login Normal,200,OK,PrivyNormalTest 1-82,text,true,,291,0,121,121,null,0,0,0
1660568710120,60042,ApiLoginNormal,504,Gateway Time-out,PrivyNormalTest 1-83,text,false,,315,297,120,120,http://pretest-qa.dcidev.id/api/v1/oauth/sign_in,60042,0,4
1660568770162,0,Debug Sampler Api Login Normal,200,OK,PrivyNormalTest 1-83,text,true,,291,0,120,120,null,0,0,0
1660568710124,60047,ApiLoginNormal,504,Gateway Time-out,PrivyNormalTest 1-84,text,false,,315,297,119,119,http://pretest-qa.dcidev.id/api/v1/oauth/sign_in,60047,0,5
1660568770171,0,Debug Sampler Api Login Normal,200,OK,PrivyNormalTest 1-84,text,true,,291,0,119,119,null,0,0,0
1660568710130,60044,ApiLoginNormal,504,Gateway Time-out,PrivyNormalTest 1-85,text,false,,315,297,118,118,http://pretest-qa.dcidev.id/api/v1/oauth/sign_in,60044,0,6
1660568770174,0,Debug Sampler Api Login Normal,200,OK,PrivyNormalTest 1-85,text,true,,291,0,118,118,null,0,0,0
1660568710134,60044,ApiLoginNormal,504,Gateway Time-out,PrivyNormalTest 1-86,text,false,,315,297,117,117,http://pretest-qa.dcidev.id/api/v1/oauth/sign_in,60044,0,5
1660568770178,0,Debug Sampler Api Login Normal,200,OK,PrivyNormalTest 1-86,text,true,,291,0,117,117,null,0,0,0
1660568710140,60047,ApiLoginNormal,504,Gateway Time-out,PrivyNormalTest 1-87,text,false,,315,297,116,116,http://pretest-qa.dcidev.id/api/v1/oauth/sign_in,60047,0,6
1660568770187,0,Debug Sampler Api Login Normal,200,OK,PrivyNormalTest 1-87,text,true,,290,0,116,116,null,0,0,0
1660568710144,60046,ApiLoginNormal,504,Gateway Time-out,PrivyNormalTest 1-88,text,false,,315,297,115,115,http://pretest-qa.dcidev.id/api/v1/oauth/sign_in,60046,0,6
1660568770191,0,Debug Sampler Api Login Normal,200,OK,PrivyNormalTest 1-88,text,true,,290,0,115,115,null,0,0,0
1660568710149,60046,ApiLoginNormal,504,Gateway Time-out,PrivyNormalTest 1-89,text,false,,315,297,114,114,http://pretest-qa.dcidev.id/api/v1/oauth/sign_in,60046,0,5
1660568770195,0,Debug Sampler Api Login Normal,200,OK,PrivyNormalTest 1-89,text,true,,291,0,114,114,null,0,0,0
1660568710154,60044,ApiLoginNormal,504,Gateway Time-out,PrivyNormalTest 1-90,text,false,,315,297,113,113,http://pretest-qa.dcidev.id/api/v1/oauth/sign_in,60043,0,4
1660568770198,0,Debug Sampler Api Login Normal,200,OK,PrivyNormalTest 1-90,text,true,,291,0,113,113,null,0,0,0
1660568710159,60043,ApiLoginNormal,504,Gateway Time-out,PrivyNormalTest 1-91,text,false,,315,297,112,112,http://pretest-qa.dcidev.id/api/v1/oauth/sign_in,60043,0,4
1660568770202,0,Debug Sampler Api Login Normal,200,OK,PrivyNormalTest 1-91,text,true,,291,0,112,112,null,0,0,0
1660568710095,60113,ApiLoginNormal,504,Gateway Time-out,PrivyNormalTest 1-78,text,false,,315,297,111,111,http://pretest-qa.dcidev.id/api/v1/oauth/sign_in,60113,0,13
1660568710089,60119,ApiLoginNormal,504,Gateway Time-out,PrivyNormalTest 1-77,text,false,,315,297,111,111,http://pretest-qa.dcidev.id/api/v1/oauth/sign_in,60119,0,19
1660568770208,1,Debug Sampler Api Login Normal,200,OK,PrivyNormalTest 1-78,text,true,,291,0,111,111,null,0,0,0
1660568770208,1,Debug Sampler Api Login Normal,200,OK,PrivyNormalTest 1-77,text,true,,289,0,111,111,null,0,0,0
1660568710165,60045,ApiLoginNormal,504,Gateway Time-out,PrivyNormalTest 1-92,text,false,,315,297,109,109,http://pretest-qa.dcidev.id/api/v1/oauth/sign_in,60045,0,5
1660568770210,0,Debug Sampler Api Login Normal,200,OK,PrivyNormalTest 1-92,text,true,,291,0,109,109,null,0,0,0
1660568710170,60046,ApiLoginNormal,504,Gateway Time-out,PrivyNormalTest 1-93,text,false,,315,297,108,108,http://pretest-qa.dcidev.id/api/v1/oauth/sign_in,60046,0,4
1660568770216,0,Debug Sampler Api Login Normal,200,OK,PrivyNormalTest 1-93,text,true,,291,0,108,108,null,0,0,0
1660568710175,60043,ApiLoginNormal,504,Gateway Time-out,PrivyNormalTest 1-94,text,false,,315,297,107,107,http://pretest-qa.dcidev.id/api/v1/oauth/sign_in,60043,0,5
1660568770218,0,Debug Sampler Api Login Normal,200,OK,PrivyNormalTest 1-94,text,true,,291,0,107,107,null,0,0,0
1660568710179,60044,ApiLoginNormal,504,Gateway Time-out,PrivyNormalTest 1-95,text,false,,315,297,106,106,http://pretest-qa.dcidev.id/api/v1/oauth/sign_in,60044,0,6
1660568770223,0,Debug Sampler Api Login Normal,200,OK,PrivyNormalTest 1-95,text,true,,291,0,106,106,null,0,0,0
1660568710184,60046,ApiLoginNormal,504,Gateway Time-out,PrivyNormalTest 1-96,text,false,,315,297,105,105,http://pretest-qa.dcidev.id/api/v1/oauth/sign_in,60046,0,5
1660568770230,0,Debug Sampler Api Login Normal,200,OK,PrivyNormalTest 1-96,text,true,,290,0,105,105,null,0,0,0
1660568710190,60046,ApiLoginNormal,504,Gateway Time-out,PrivyNormalTest 1-97,text,false,,315,297,104,104,http://pretest-qa.dcidev.id/api/v1/oauth/sign_in,60046,0,4
1660568770236,0,Debug Sampler Api Login Normal,200,OK,PrivyNormalTest 1-97,text,true,,291,0,104,104,null,0,0,0
1660568710195,60047,ApiLoginNormal,504,Gateway Time-out,PrivyNormalTest 1-98,text,false,,315,297,103,103,http://pretest-qa.dcidev.id/api/v1/oauth/sign_in,60047,0,7
1660568710199,60043,ApiLoginNormal,504,Gateway Time-out,PrivyNormalTest 1-99,text,false,,315,297,103,103,http://pretest-qa.dcidev.id/api/v1/oauth/sign_in,60043,0,5
1660568770242,0,Debug Sampler Api Login Normal,200,OK,PrivyNormalTest 1-99,text,true,,291,0,103,103,null,0,0,0
1660568770242,0,Debug Sampler Api Login Normal,200,OK,PrivyNormalTest 1-98,text,true,,291,0,103,103,null,0,0,0
1660568710205,60046,ApiLoginNormal,504,Gateway Time-out,PrivyNormalTest 1-100,text,false,,315,297,101,101,http://pretest-qa.dcidev.id/api/v1/oauth/sign_in,60046,0,8
1660568770251,0,Debug Sampler Api Login Normal,200,OK,PrivyNormalTest 1-100,text,true,,292,0,101,101,null,0,0,0
1660568710210,60044,ApiLoginNormal,504,Gateway Time-out,PrivyNormalTest 1-101,text,false,,315,297,100,100,http://pretest-qa.dcidev.id/api/v1/oauth/sign_in,60044,0,6
1660568770254,0,Debug Sampler Api Login Normal,200,OK,PrivyNormalTest 1-101,text,true,,292,0,100,100,null,0,0,0
1660568710215,60042,ApiLoginNormal,504,Gateway Time-out,PrivyNormalTest 1-102,text,false,,315,297,99,99,http://pretest-qa.dcidev.id/api/v1/oauth/sign_in,60042,0,4
1660568770258,0,Debug Sampler Api Login Normal,200,OK,PrivyNormalTest 1-102,text,true,,292,0,99,99,null,0,0,0
1660568710221,60046,ApiLoginNormal,504,Gateway Time-out,PrivyNormalTest 1-103,text,false,,315,297,98,98,http://pretest-qa.dcidev.id/api/v1/oauth/sign_in,60046,0,5
1660568770267,0,Debug Sampler Api Login Normal,200,OK,PrivyNormalTest 1-103,text,true,,291,0,98,98,null,0,0,0
1660568710226,60044,ApiLoginNormal,504,Gateway Time-out,PrivyNormalTest 1-104,text,false,,315,297,97,97,http://pretest-qa.dcidev.id/api/v1/oauth/sign_in,60043,0,4
1660568770270,0,Debug Sampler Api Login Normal,200,OK,PrivyNormalTest 1-104,text,true,,292,0,97,97,null,0,0,0
1660568710231,60043,ApiLoginNormal,504,Gateway Time-out,PrivyNormalTest 1-105,text,false,,315,297,96,96,http://pretest-qa.dcidev.id/api/v1/oauth/sign_in,60043,0,3
1660568770274,0,Debug Sampler Api Login Normal,200,OK,PrivyNormalTest 1-105,text,true,,292,0,96,96,null,0,0,0
1660568710236,60043,ApiLoginNormal,504,Gateway Time-out,PrivyNormalTest 1-106,text,false,,315,297,95,95,http://pretest-qa.dcidev.id/api/v1/oauth/sign_in,60043,0,4
1660568770279,1,Debug Sampler Api Login Normal,200,OK,PrivyNormalTest 1-106,text,true,,292,0,95,95,null,0,0,0
1660568710240,60042,ApiLoginNormal,504,Gateway Time-out,PrivyNormalTest 1-107,text,false,,315,297,94,94,http://pretest-qa.dcidev.id/api/v1/oauth/sign_in,60042,0,4
1660568770282,0,Debug Sampler Api Login Normal,200,OK,PrivyNormalTest 1-107,text,true,,292,0,94,94,null,0,0,0
1660568710245,60042,ApiLoginNormal,504,Gateway Time-out,PrivyNormalTest 1-108,text,false,,315,297,93,93,http://pretest-qa.dcidev.id/api/v1/oauth/sign_in,60042,0,3
1660568770287,0,Debug Sampler Api Login Normal,200,OK,PrivyNormalTest 1-108,text,true,,292,0,93,93,null,0,0,0
1660568710250,60044,ApiLoginNormal,504,Gateway Time-out,PrivyNormalTest 1-109,text,false,,315,297,92,92,http://pretest-qa.dcidev.id/api/v1/oauth/sign_in,60044,0,4
1660568770294,0,Debug Sampler Api Login Normal,200,OK,PrivyNormalTest 1-109,text,true,,292,0,92,92,null,0,0,0
1660568710257,60045,ApiLoginNormal,504,Gateway Time-out,PrivyNormalTest 1-110,text,false,,315,297,91,91,http://pretest-qa.dcidev.id/api/v1/oauth/sign_in,60045,0,4
1660568770302,0,Debug Sampler Api Login Normal,200,OK,PrivyNormalTest 1-110,text,true,,292,0,91,91,null,0,0,0
1660568710261,60045,ApiLoginNormal,504,Gateway Time-out,PrivyNormalTest 1-111,text,false,,315,297,90,90,http://pretest-qa.dcidev.id/api/v1/oauth/sign_in,60045,0,4
1660568770306,0,Debug Sampler Api Login Normal,200,OK,PrivyNormalTest 1-111,text,true,,292,0,90,90,null,0,0,0
1660568710266,60044,ApiLoginNormal,504,Gateway Time-out,PrivyNormalTest 1-112,text,false,,315,297,89,89,http://pretest-qa.dcidev.id/api/v1/oauth/sign_in,60044,0,4
1660568770310,0,Debug Sampler Api Login Normal,200,OK,PrivyNormalTest 1-112,text,true,,292,0,89,89,null,0,0,0
1660568710272,60042,ApiLoginNormal,504,Gateway Time-out,PrivyNormalTest 1-113,text,false,,315,297,88,88,http://pretest-qa.dcidev.id/api/v1/oauth/sign_in,60042,0,4
1660568770314,0,Debug Sampler Api Login Normal,200,OK,PrivyNormalTest 1-113,text,true,,292,0,88,88,null,0,0,0
1660568710276,60042,ApiLoginNormal,504,Gateway Time-out,PrivyNormalTest 1-114,text,false,,315,297,87,87,http://pretest-qa.dcidev.id/api/v1/oauth/sign_in,60042,0,4
1660568770318,1,Debug Sampler Api Login Normal,200,OK,PrivyNormalTest 1-114,text,true,,292,0,87,87,null,0,0,0
1660568710280,60047,ApiLoginNormal,504,Gateway Time-out,PrivyNormalTest 1-115,text,false,,315,297,86,86,http://pretest-qa.dcidev.id/api/v1/oauth/sign_in,60047,0,5
1660568770327,0,Debug Sampler Api Login Normal,200,OK,PrivyNormalTest 1-115,text,true,,292,0,86,86,null,0,0,0
1660568710286,60046,ApiLoginNormal,504,Gateway Time-out,PrivyNormalTest 1-116,text,false,,315,297,85,85,http://pretest-qa.dcidev.id/api/v1/oauth/sign_in,60046,0,4
1660568770332,0,Debug Sampler Api Login Normal,200,OK,PrivyNormalTest 1-116,text,true,,292,0,85,85,null,0,0,0
1660568710290,60044,ApiLoginNormal,504,Gateway Time-out,PrivyNormalTest 1-117,text,false,,315,297,84,84,http://pretest-qa.dcidev.id/api/v1/oauth/sign_in,60044,0,4
1660568770334,0,Debug Sampler Api Login Normal,200,OK,PrivyNormalTest 1-117,text,true,,292,0,84,84,null,0,0,0
1660568710296,60046,ApiLoginNormal,504,Gateway Time-out,PrivyNormalTest 1-118,text,false,,315,297,83,83,http://pretest-qa.dcidev.id/api/v1/oauth/sign_in,60046,0,5
1660568770342,0,Debug Sampler Api Login Normal,200,OK,PrivyNormalTest 1-118,text,true,,292,0,83,83,null,0,0,0
1660568710302,60045,ApiLoginNormal,504,Gateway Time-out,PrivyNormalTest 1-119,text,false,,315,297,82,82,http://pretest-qa.dcidev.id/api/v1/oauth/sign_in,60045,0,6
1660568770347,0,Debug Sampler Api Login Normal,200,OK,PrivyNormalTest 1-119,text,true,,291,0,82,82,null,0,0,0
1660568710306,60044,ApiLoginNormal,504,Gateway Time-out,PrivyNormalTest 1-120,text,false,,315,297,81,81,http://pretest-qa.dcidev.id/api/v1/oauth/sign_in,60044,0,5
1660568770350,1,Debug Sampler Api Login Normal,200,OK,PrivyNormalTest 1-120,text,true,,292,0,81,81,null,0,0,0
1660568710310,60044,ApiLoginNormal,504,Gateway Time-out,PrivyNormalTest 1-121,text,false,,315,297,80,80,http://pretest-qa.dcidev.id/api/v1/oauth/sign_in,60044,0,5
1660568770354,0,Debug Sampler Api Login Normal,200,OK,PrivyNormalTest 1-121,text,true,,292,0,80,80,null,0,0,0
1660568710315,60043,ApiLoginNormal,504,Gateway Time-out,PrivyNormalTest 1-122,text,false,,315,297,79,79,http://pretest-qa.dcidev.id/api/v1/oauth/sign_in,60043,0,4
1660568770358,0,Debug Sampler Api Login Normal,200,OK,PrivyNormalTest 1-122,text,true,,292,0,79,79,null,0,0,0
1660568710320,60046,ApiLoginNormal,504,Gateway Time-out,PrivyNormalTest 1-123,text,false,,315,297,78,78,http://pretest-qa.dcidev.id/api/v1/oauth/sign_in,60046,0,4
1660568770367,0,Debug Sampler Api Login Normal,200,OK,PrivyNormalTest 1-123,text,true,,291,0,78,78,null,0,0,0
1660568710325,60046,ApiLoginNormal,504,Gateway Time-out,PrivyNormalTest 1-124,text,false,,315,297,77,77,http://pretest-qa.dcidev.id/api/v1/oauth/sign_in,60046,0,4
1660568770371,0,Debug Sampler Api Login Normal,200,OK,PrivyNormalTest 1-124,text,true,,292,0,77,77,null,0,0,0
1660568710331,60045,ApiLoginNormal,504,Gateway Time-out,PrivyNormalTest 1-125,text,false,,315,297,76,76,http://pretest-qa.dcidev.id/api/v1/oauth/sign_in,60045,0,5
1660568770376,0,Debug Sampler Api Login Normal,200,OK,PrivyNormalTest 1-125,text,true,,292,0,76,76,null,0,0,0
1660568710336,60042,ApiLoginNormal,504,Gateway Time-out,PrivyNormalTest 1-126,text,false,,315,297,75,75,http://pretest-qa.dcidev.id/api/v1/oauth/sign_in,60042,0,4
1660568770378,0,Debug Sampler Api Login Normal,200,OK,PrivyNormalTest 1-126,text,true,,292,0,75,75,null,0,0,0
1660568710340,60043,ApiLoginNormal,504,Gateway Time-out,PrivyNormalTest 1-127,text,false,,315,297,74,74,http://pretest-qa.dcidev.id/api/v1/oauth/sign_in,60043,0,4
1660568770383,0,Debug Sampler Api Login Normal,200,OK,PrivyNormalTest 1-127,text,true,,292,0,74,74,null,0,0,0
1660568710345,60046,ApiLoginNormal,504,Gateway Time-out,PrivyNormalTest 1-128,text,false,,315,297,73,73,http://pretest-qa.dcidev.id/api/v1/oauth/sign_in,60046,0,3
1660568770391,1,Debug Sampler Api Login Normal,200,OK,PrivyNormalTest 1-128,text,true,,292,0,73,73,null,0,0,0
1660568710350,60045,ApiLoginNormal,504,Gateway Time-out,PrivyNormalTest 1-129,text,false,,315,297,72,72,http://pretest-qa.dcidev.id/api/v1/oauth/sign_in,60045,0,6
1660568770395,0,Debug Sampler Api Login Normal,200,OK,PrivyNormalTest 1-129,text,true,,292,0,72,72,null,0,0,0
1660568710355,60044,ApiLoginNormal,504,Gateway Time-out,PrivyNormalTest 1-130,text,false,,315,297,71,71,http://pretest-qa.dcidev.id/api/v1/oauth/sign_in,60044,0,4
1660568770399,0,Debug Sampler Api Login Normal,200,OK,PrivyNormalTest 1-130,text,true,,292,0,71,71,null,0,0,0
1660568710361,60046,ApiLoginNormal,504,Gateway Time-out,PrivyNormalTest 1-131,text,false,,315,297,70,70,http://pretest-qa.dcidev.id/api/v1/oauth/sign_in,60046,0,4
1660568770407,0,Debug Sampler Api Login Normal,200,OK,PrivyNormalTest 1-131,text,true,,292,0,70,70,null,0,0,0
1660568710367,60046,ApiLoginNormal,504,Gateway Time-out,PrivyNormalTest 1-132,text,false,,315,297,69,69,http://pretest-qa.dcidev.id/api/v1/oauth/sign_in,60046,0,4
1660568770413,0,Debug Sampler Api Login Normal,200,OK,PrivyNormalTest 1-132,text,true,,292,0,69,69,null,0,0,0
1660568710371,60045,ApiLoginNormal,504,Gateway Time-out,PrivyNormalTest 1-133,text,false,,315,297,68,68,http://pretest-qa.dcidev.id/api/v1/oauth/sign_in,60045,0,4
1660568770416,0,Debug Sampler Api Login Normal,200,OK,PrivyNormalTest 1-133,text,true,,292,0,68,68,null,0,0,0
1660568710375,60044,ApiLoginNormal,504,Gateway Time-out,PrivyNormalTest 1-134,text,false,,315,297,67,67,http://pretest-qa.dcidev.id/api/v1/oauth/sign_in,60044,0,4
1660568770419,0,Debug Sampler Api Login Normal,200,OK,PrivyNormalTest 1-134,text,true,,292,0,67,67,null,0,0,0
1660568710381,60046,ApiLoginNormal,504,Gateway Time-out,PrivyNormalTest 1-135,text,false,,315,297,66,66,http://pretest-qa.dcidev.id/api/v1/oauth/sign_in,60046,0,4
1660568770427,0,Debug Sampler Api Login Normal,200,OK,PrivyNormalTest 1-135,text,true,,292,0,66,66,null,0,0,0
1660568710385,60046,ApiLoginNormal,504,Gateway Time-out,PrivyNormalTest 1-136,text,false,,315,297,65,65,http://pretest-qa.dcidev.id/api/v1/oauth/sign_in,60046,0,4
1660568770431,0,Debug Sampler Api Login Normal,200,OK,PrivyNormalTest 1-136,text,true,,292,0,65,65,null,0,0,0
1660568710390,60045,ApiLoginNormal,504,Gateway Time-out,PrivyNormalTest 1-137,text,false,,315,297,64,64,http://pretest-qa.dcidev.id/api/v1/oauth/sign_in,60045,0,4
1660568770435,0,Debug Sampler Api Login Normal,200,OK,PrivyNormalTest 1-137,text,true,,292,0,64,64,null,0,0,0
1660568710395,60043,ApiLoginNormal,504,Gateway Time-out,PrivyNormalTest 1-138,text,false,,315,297,63,63,http://pretest-qa.dcidev.id/api/v1/oauth/sign_in,60043,0,4
1660568770439,0,Debug Sampler Api Login Normal,200,OK,PrivyNormalTest 1-138,text,true,,292,0,63,63,null,0,0,0
1660568710406,60044,ApiLoginNormal,504,Gateway Time-out,PrivyNormalTest 1-140,text,false,,315,297,62,62,http://pretest-qa.dcidev.id/api/v1/oauth/sign_in,60044,0,3
1660568710403,60047,ApiLoginNormal,504,Gateway Time-out,PrivyNormalTest 1-139,text,false,,315,297,62,62,http://pretest-qa.dcidev.id/api/v1/oauth/sign_in,60047,0,6
1660568710411,60043,ApiLoginNormal,504,Gateway Time-out,PrivyNormalTest 1-141,text,false,,315,297,62,62,http://pretest-qa.dcidev.id/api/v1/oauth/sign_in,60043,0,4
1660568710416,60042,ApiLoginNormal,504,Gateway Time-out,PrivyNormalTest 1-142,text,false,,315,297,62,62,http://pretest-qa.dcidev.id/api/v1/oauth/sign_in,60042,0,3
1660568710420,60042,ApiLoginNormal,504,Gateway Time-out,PrivyNormalTest 1-143,text,false,,315,297,62,62,http://pretest-qa.dcidev.id/api/v1/oauth/sign_in,60042,0,4
1660568710426,60045,ApiLoginNormal,504,Gateway Time-out,PrivyNormalTest 1-144,text,false,,315,297,62,62,http://pretest-qa.dcidev.id/api/v1/oauth/sign_in,60045,0,6
1660568710432,60042,ApiLoginNormal,504,Gateway Time-out,PrivyNormalTest 1-145,text,false,,315,297,62,62,http://pretest-qa.dcidev.id/api/v1/oauth/sign_in,60042,0,4
1660568710436,60042,ApiLoginNormal,504,Gateway Time-out,PrivyNormalTest 1-146,text,false,,315,297,62,62,http://pretest-qa.dcidev.id/api/v1/oauth/sign_in,60042,0,4
1660568710440,60044,ApiLoginNormal,504,Gateway Time-out,PrivyNormalTest 1-147,text,false,,315,297,62,62,http://pretest-qa.dcidev.id/api/v1/oauth/sign_in,60044,0,4
1660568710446,60044,ApiLoginNormal,504,Gateway Time-out,PrivyNormalTest 1-148,text,false,,315,297,62,62,http://pretest-qa.dcidev.id/api/v1/oauth/sign_in,60044,0,4
1660568710450,60045,ApiLoginNormal,504,Gateway Time-out,PrivyNormalTest 1-149,text,false,,315,297,62,62,http://pretest-qa.dcidev.id/api/v1/oauth/sign_in,60045,0,4
1660568710455,60043,ApiLoginNormal,504,Gateway Time-out,PrivyNormalTest 1-150,text,false,,315,297,62,62,http://pretest-qa.dcidev.id/api/v1/oauth/sign_in,60043,0,3
1660568710461,60045,ApiLoginNormal,504,Gateway Time-out,PrivyNormalTest 1-151,text,false,,315,297,62,62,http://pretest-qa.dcidev.id/api/v1/oauth/sign_in,60045,0,4
1660568770508,0,Debug Sampler Api Login Normal,200,OK,PrivyNormalTest 1-151,text,true,,292,0,62,62,null,0,0,0
1660568770508,0,Debug Sampler Api Login Normal,200,OK,PrivyNormalTest 1-150,text,true,,292,0,62,62,null,0,0,0
1660568770508,1,Debug Sampler Api Login Normal,200,OK,PrivyNormalTest 1-149,text,true,,292,0,62,62,null,0,0,0
1660568770508,1,Debug Sampler Api Login Normal,200,OK,PrivyNormalTest 1-148,text,true,,292,0,62,62,null,0,0,0
1660568770509,0,Debug Sampler Api Login Normal,200,OK,PrivyNormalTest 1-146,text,true,,292,0,62,62,null,0,0,0
1660568770509,0,Debug Sampler Api Login Normal,200,OK,PrivyNormalTest 1-147,text,true,,292,0,62,62,null,0,0,0
1660568770509,0,Debug Sampler Api Login Normal,200,OK,PrivyNormalTest 1-145,text,true,,292,0,62,62,null,0,0,0
1660568770509,0,Debug Sampler Api Login Normal,200,OK,PrivyNormalTest 1-144,text,true,,292,0,62,62,null,0,0,0
1660568770509,0,Debug Sampler Api Login Normal,200,OK,PrivyNormalTest 1-140,text,true,,292,0,62,62,null,0,0,0
1660568770509,0,Debug Sampler Api Login Normal,200,OK,PrivyNormalTest 1-143,text,true,,292,0,62,62,null,0,0,0
1660568770509,0,Debug Sampler Api Login Normal,200,OK,PrivyNormalTest 1-139,text,true,,292,0,60,60,null,0,0,0
1660568770509,0,Debug Sampler Api Login Normal,200,OK,PrivyNormalTest 1-141,text,true,,292,0,59,59,null,0,0,0
1660568770509,0,Debug Sampler Api Login Normal,200,OK,PrivyNormalTest 1-142,text,true,,292,0,62,62,null,0,0,0
1660568710470,60045,ApiLoginNormal,504,Gateway Time-out,PrivyNormalTest 1-153,text,false,,315,297,49,49,http://pretest-qa.dcidev.id/api/v1/oauth/sign_in,60045,0,5
1660568710466,60049,ApiLoginNormal,504,Gateway Time-out,PrivyNormalTest 1-152,text,false,,315,297,49,49,http://pretest-qa.dcidev.id/api/v1/oauth/sign_in,60049,0,5
1660568770515,0,Debug Sampler Api Login Normal,200,OK,PrivyNormalTest 1-153,text,true,,292,0,49,49,null,0,0,0
1660568770515,0,Debug Sampler Api Login Normal,200,OK,PrivyNormalTest 1-152,text,true,,292,0,49,49,null,0,0,0
1660568710475,60047,ApiLoginNormal,504,Gateway Time-out,PrivyNormalTest 1-154,text,false,,315,297,47,47,http://pretest-qa.dcidev.id/api/v1/oauth/sign_in,60047,0,6
1660568770522,0,Debug Sampler Api Login Normal,200,OK,PrivyNormalTest 1-154,text,true,,291,0,47,47,null,0,0,0
1660568710481,60046,ApiLoginNormal,504,Gateway Time-out,PrivyNormalTest 1-155,text,false,,315,297,46,46,http://pretest-qa.dcidev.id/api/v1/oauth/sign_in,60046,0,4
1660568770527,0,Debug Sampler Api Login Normal,200,OK,PrivyNormalTest 1-155,text,true,,292,0,46,46,null,0,0,0
1660568710486,60044,ApiLoginNormal,504,Gateway Time-out,PrivyNormalTest 1-156,text,false,,315,297,45,45,http://pretest-qa.dcidev.id/api/v1/oauth/sign_in,60044,0,4
1660568770530,0,Debug Sampler Api Login Normal,200,OK,PrivyNormalTest 1-156,text,true,,292,0,45,45,null,0,0,0
1660568710491,60049,ApiLoginNormal,504,Gateway Time-out,PrivyNormalTest 1-157,text,false,,315,297,44,44,http://pretest-qa.dcidev.id/api/v1/oauth/sign_in,60049,0,6
1660568770540,0,Debug Sampler Api Login Normal,200,OK,PrivyNormalTest 1-157,text,true,,292,0,44,44,null,0,0,0
1660568710496,60046,ApiLoginNormal,504,Gateway Time-out,PrivyNormalTest 1-158,text,false,,315,297,43,43,http://pretest-qa.dcidev.id/api/v1/oauth/sign_in,60046,0,5
1660568770543,0,Debug Sampler Api Login Normal,200,OK,PrivyNormalTest 1-158,text,true,,292,0,43,43,null,0,0,0
1660568710501,60045,ApiLoginNormal,504,Gateway Time-out,PrivyNormalTest 1-159,text,false,,315,297,42,42,http://pretest-qa.dcidev.id/api/v1/oauth/sign_in,60045,0,7
1660568770546,0,Debug Sampler Api Login Normal,200,OK,PrivyNormalTest 1-159,text,true,,291,0,42,42,null,0,0,0
1660568710511,60043,ApiLoginNormal,504,Gateway Time-out,PrivyNormalTest 1-161,text,false,,315,297,41,41,http://pretest-qa.dcidev.id/api/v1/oauth/sign_in,60043,0,5
1660568710505,60049,ApiLoginNormal,504,Gateway Time-out,PrivyNormalTest 1-160,text,false,,315,297,41,41,http://pretest-qa.dcidev.id/api/v1/oauth/sign_in,60049,0,7
1660568770554,0,Debug Sampler Api Login Normal,200,OK,PrivyNormalTest 1-161,text,true,,292,0,41,41,null,0,0,0
1660568770554,0,Debug Sampler Api Login Normal,200,OK,PrivyNormalTest 1-160,text,true,,292,0,41,41,null,0,0,0
1660568710515,60049,ApiLoginNormal,504,Gateway Time-out,PrivyNormalTest 1-162,text,false,,315,297,39,39,http://pretest-qa.dcidev.id/api/v1/oauth/sign_in,60049,0,7
1660568770564,0,Debug Sampler Api Login Normal,200,OK,PrivyNormalTest 1-162,text,true,,292,0,39,39,null,0,0,0
1660568710520,60046,ApiLoginNormal,504,Gateway Time-out,PrivyNormalTest 1-163,text,false,,315,297,38,38,http://pretest-qa.dcidev.id/api/v1/oauth/sign_in,60046,0,5
1660568770566,0,Debug Sampler Api Login Normal,200,OK,PrivyNormalTest 1-163,text,true,,292,0,38,38,null,0,0,0
1660568710525,60046,ApiLoginNormal,504,Gateway Time-out,PrivyNormalTest 1-164,text,false,,315,297,37,37,http://pretest-qa.dcidev.id/api/v1/oauth/sign_in,60046,0,4
1660568770571,0,Debug Sampler Api Login Normal,200,OK,PrivyNormalTest 1-164,text,true,,292,0,37,37,null,0,0,0
1660568710531,60043,ApiLoginNormal,504,Gateway Time-out,PrivyNormalTest 1-165,text,false,,315,297,36,36,http://pretest-qa.dcidev.id/api/v1/oauth/sign_in,60043,0,3
1660568770574,0,Debug Sampler Api Login Normal,200,OK,PrivyNormalTest 1-165,text,true,,292,0,36,36,null,0,0,0
1660568710535,60044,ApiLoginNormal,504,Gateway Time-out,PrivyNormalTest 1-166,text,false,,315,297,35,35,http://pretest-qa.dcidev.id/api/v1/oauth/sign_in,60044,0,4
1660568770579,0,Debug Sampler Api Login Normal,200,OK,PrivyNormalTest 1-166,text,true,,292,0,35,35,null,0,0,0
1660568710541,60041,ApiLoginNormal,504,Gateway Time-out,PrivyNormalTest 1-167,text,false,,315,297,34,34,http://pretest-qa.dcidev.id/api/v1/oauth/sign_in,60041,0,4
1660568770582,0,Debug Sampler Api Login Normal,200,OK,PrivyNormalTest 1-167,text,true,,292,0,34,34,null,0,0,0
1660568710545,60046,ApiLoginNormal,504,Gateway Time-out,PrivyNormalTest 1-168,text,false,,315,297,33,33,http://pretest-qa.dcidev.id/api/v1/oauth/sign_in,60046,0,5
1660568770591,0,Debug Sampler Api Login Normal,200,OK,PrivyNormalTest 1-168,text,true,,291,0,33,33,null,0,0,0
1660568710550,60044,ApiLoginNormal,504,Gateway Time-out,PrivyNormalTest 1-169,text,false,,315,297,32,32,http://pretest-qa.dcidev.id/api/v1/oauth/sign_in,60044,0,5
1660568770594,0,Debug Sampler Api Login Normal,200,OK,PrivyNormalTest 1-169,text,true,,292,0,32,32,null,0,0,0
1660568710555,60044,ApiLoginNormal,504,Gateway Time-out,PrivyNormalTest 1-170,text,false,,315,297,31,31,http://pretest-qa.dcidev.id/api/v1/oauth/sign_in,60044,0,4
1660568770599,0,Debug Sampler Api Login Normal,200,OK,PrivyNormalTest 1-170,text,true,,292,0,31,31,null,0,0,0
1660568710560,60047,ApiLoginNormal,504,Gateway Time-out,PrivyNormalTest 1-171,text,false,,315,297,30,30,http://pretest-qa.dcidev.id/api/v1/oauth/sign_in,60047,0,5
1660568770607,0,Debug Sampler Api Login Normal,200,OK,PrivyNormalTest 1-171,text,true,,292,0,30,30,null,0,0,0
1660568710566,60045,ApiLoginNormal,504,Gateway Time-out,PrivyNormalTest 1-172,text,false,,315,297,29,29,http://pretest-qa.dcidev.id/api/v1/oauth/sign_in,60045,0,3
1660568770611,0,Debug Sampler Api Login Normal,200,OK,PrivyNormalTest 1-172,text,true,,292,0,29,29,null,0,0,0
1660568710570,60044,ApiLoginNormal,504,Gateway Time-out,PrivyNormalTest 1-173,text,false,,315,297,28,28,http://pretest-qa.dcidev.id/api/v1/oauth/sign_in,60044,0,5
1660568770614,0,Debug Sampler Api Login Normal,200,OK,PrivyNormalTest 1-173,text,true,,292,0,28,28,null,0,0,0
1660568710575,60044,ApiLoginNormal,504,Gateway Time-out,PrivyNormalTest 1-174,text,false,,315,297,27,27,http://pretest-qa.dcidev.id/api/v1/oauth/sign_in,60044,0,4
1660568770619,0,Debug Sampler Api Login Normal,200,OK,PrivyNormalTest 1-174,text,true,,292,0,27,27,null,0,0,0
1660568710580,60042,ApiLoginNormal,504,Gateway Time-out,PrivyNormalTest 1-175,text,false,,315,297,26,26,http://pretest-qa.dcidev.id/api/v1/oauth/sign_in,60042,0,3
1660568770623,0,Debug Sampler Api Login Normal,200,OK,PrivyNormalTest 1-175,text,true,,292,0,26,26,null,0,0,0
1660568710586,60045,ApiLoginNormal,504,Gateway Time-out,PrivyNormalTest 1-176,text,false,,315,297,25,25,http://pretest-qa.dcidev.id/api/v1/oauth/sign_in,60045,0,4
1660568770631,0,Debug Sampler Api Login Normal,200,OK,PrivyNormalTest 1-176,text,true,,292,0,25,25,null,0,0,0
1660568710590,60044,ApiLoginNormal,504,Gateway Time-out,PrivyNormalTest 1-177,text,false,,315,297,24,24,http://pretest-qa.dcidev.id/api/v1/oauth/sign_in,60044,0,6
1660568770634,0,Debug Sampler Api Login Normal,200,OK,PrivyNormalTest 1-177,text,true,,292,0,24,24,null,0,0,0
1660568710595,60047,ApiLoginNormal,504,Gateway Time-out,PrivyNormalTest 1-178,text,false,,315,297,23,23,http://pretest-qa.dcidev.id/api/v1/oauth/sign_in,60047,0,6
1660568770642,0,Debug Sampler Api Login Normal,200,OK,PrivyNormalTest 1-178,text,true,,292,0,23,23,null,0,0,0
1660568710601,60047,ApiLoginNormal,504,Gateway Time-out,PrivyNormalTest 1-179,text,false,,315,297,22,22,http://pretest-qa.dcidev.id/api/v1/oauth/sign_in,60047,0,4
1660568770648,0,Debug Sampler Api Login Normal,200,OK,PrivyNormalTest 1-179,text,true,,291,0,22,22,null,0,0,0
1660568710607,60046,ApiLoginNormal,504,Gateway Time-out,PrivyNormalTest 1-180,text,false,,315,297,21,21,http://pretest-qa.dcidev.id/api/v1/oauth/sign_in,60046,0,7
1660568770654,0,Debug Sampler Api Login Normal,200,OK,PrivyNormalTest 1-180,text,true,,291,0,21,21,null,0,0,0
1660568710611,60047,ApiLoginNormal,504,Gateway Time-out,PrivyNormalTest 1-181,text,false,,315,297,20,20,http://pretest-qa.dcidev.id/api/v1/oauth/sign_in,60047,0,5
1660568770658,0,Debug Sampler Api Login Normal,200,OK,PrivyNormalTest 1-181,text,true,,292,0,20,20,null,0,0,0
1660568710616,60046,ApiLoginNormal,504,Gateway Time-out,PrivyNormalTest 1-182,text,false,,315,297,19,19,http://pretest-qa.dcidev.id/api/v1/oauth/sign_in,60046,0,5
1660568770662,1,Debug Sampler Api Login Normal,200,OK,PrivyNormalTest 1-182,text,true,,291,0,19,19,null,0,0,0
1660568710621,60045,ApiLoginNormal,504,Gateway Time-out,PrivyNormalTest 1-183,text,false,,315,297,18,18,http://pretest-qa.dcidev.id/api/v1/oauth/sign_in,60045,0,4
1660568770666,0,Debug Sampler Api Login Normal,200,OK,PrivyNormalTest 1-183,text,true,,291,0,18,18,null,0,0,0
1660568710625,60044,ApiLoginNormal,504,Gateway Time-out,PrivyNormalTest 1-184,text,false,,315,297,17,17,http://pretest-qa.dcidev.id/api/v1/oauth/sign_in,60044,0,5
1660568770669,1,Debug Sampler Api Login Normal,200,OK,PrivyNormalTest 1-184,text,true,,292,0,17,17,null,0,0,0
1660568710630,60050,ApiLoginNormal,504,Gateway Time-out,PrivyNormalTest 1-185,text,false,,315,297,16,16,http://pretest-qa.dcidev.id/api/v1/oauth/sign_in,60050,0,7
1660568770680,1,Debug Sampler Api Login Normal,200,OK,PrivyNormalTest 1-185,text,true,,292,0,16,16,null,0,0,0
1660568710636,60047,ApiLoginNormal,504,Gateway Time-out,PrivyNormalTest 1-186,text,false,,315,297,15,15,http://pretest-qa.dcidev.id/api/v1/oauth/sign_in,60047,0,5
1660568770683,1,Debug Sampler Api Login Normal,200,OK,PrivyNormalTest 1-186,text,true,,292,0,15,15,null,0,0,0
1660568710640,60046,ApiLoginNormal,504,Gateway Time-out,PrivyNormalTest 1-187,text,false,,315,297,14,14,http://pretest-qa.dcidev.id/api/v1/oauth/sign_in,60046,0,5
1660568770686,0,Debug Sampler Api Login Normal,200,OK,PrivyNormalTest 1-187,text,true,,292,0,14,14,null,0,0,0
1660568710645,60046,ApiLoginNormal,504,Gateway Time-out,PrivyNormalTest 1-188,text,false,,315,297,13,13,http://pretest-qa.dcidev.id/api/v1/oauth/sign_in,60046,0,6
1660568770691,0,Debug Sampler Api Login Normal,200,OK,PrivyNormalTest 1-188,text,true,,292,0,13,13,null,0,0,0
1660568710651,60046,ApiLoginNormal,504,Gateway Time-out,PrivyNormalTest 1-189,text,false,,315,297,12,12,http://pretest-qa.dcidev.id/api/v1/oauth/sign_in,60046,0,4
1660568770697,0,Debug Sampler Api Login Normal,200,OK,PrivyNormalTest 1-189,text,true,,292,0,12,12,null,0,0,0
1660568710655,60046,ApiLoginNormal,504,Gateway Time-out,PrivyNormalTest 1-190,text,false,,315,297,11,11,http://pretest-qa.dcidev.id/api/v1/oauth/sign_in,60046,0,4
1660568770701,0,Debug Sampler Api Login Normal,200,OK,PrivyNormalTest 1-190,text,true,,292,0,11,11,null,0,0,0
1660568710661,60046,ApiLoginNormal,504,Gateway Time-out,PrivyNormalTest 1-191,text,false,,315,297,10,10,http://pretest-qa.dcidev.id/api/v1/oauth/sign_in,60046,0,4
1660568770707,0,Debug Sampler Api Login Normal,200,OK,PrivyNormalTest 1-191,text,true,,292,0,10,10,null,0,0,0
1660568710665,60046,ApiLoginNormal,504,Gateway Time-out,PrivyNormalTest 1-192,text,false,,315,297,9,9,http://pretest-qa.dcidev.id/api/v1/oauth/sign_in,60046,0,4
1660568770711,0,Debug Sampler Api Login Normal,200,OK,PrivyNormalTest 1-192,text,true,,292,0,9,9,null,0,0,0
1660568710671,60043,ApiLoginNormal,504,Gateway Time-out,PrivyNormalTest 1-193,text,false,,315,297,8,8,http://pretest-qa.dcidev.id/api/v1/oauth/sign_in,60043,0,4
1660568770714,0,Debug Sampler Api Login Normal,200,OK,PrivyNormalTest 1-193,text,true,,292,0,8,8,null,0,0,0
1660568710675,60046,ApiLoginNormal,504,Gateway Time-out,PrivyNormalTest 1-194,text,false,,315,297,7,7,http://pretest-qa.dcidev.id/api/v1/oauth/sign_in,60046,0,4
1660568770721,1,Debug Sampler Api Login Normal,200,OK,PrivyNormalTest 1-194,text,true,,292,0,7,7,null,0,0,0
1660568710681,60050,ApiLoginNormal,504,Gateway Time-out,PrivyNormalTest 1-195,text,false,,315,297,6,6,http://pretest-qa.dcidev.id/api/v1/oauth/sign_in,60050,0,4
1660568710685,60046,ApiLoginNormal,504,Gateway Time-out,PrivyNormalTest 1-196,text,false,,315,297,6,6,http://pretest-qa.dcidev.id/api/v1/oauth/sign_in,60046,0,4
1660568770731,0,Debug Sampler Api Login Normal,200,OK,PrivyNormalTest 1-195,text,true,,292,0,6,6,null,0,0,0
1660568770731,0,Debug Sampler Api Login Normal,200,OK,PrivyNormalTest 1-196,text,true,,292,0,6,6,null,0,0,0
1660568710691,60043,ApiLoginNormal,504,Gateway Time-out,PrivyNormalTest 1-197,text,false,,315,297,4,4,http://pretest-qa.dcidev.id/api/v1/oauth/sign_in,60043,0,4
1660568770734,0,Debug Sampler Api Login Normal,200,OK,PrivyNormalTest 1-197,text,true,,292,0,4,4,null,0,0,0
1660568710695,60044,ApiLoginNormal,504,Gateway Time-out,PrivyNormalTest 1-198,text,false,,315,297,3,3,http://pretest-qa.dcidev.id/api/v1/oauth/sign_in,60044,0,5
1660568770739,0,Debug Sampler Api Login Normal,200,OK,PrivyNormalTest 1-198,text,true,,292,0,3,3,null,0,0,0
1660568710700,60046,ApiLoginNormal,504,Gateway Time-out,PrivyNormalTest 1-199,text,false,,315,297,2,2,http://pretest-qa.dcidev.id/api/v1/oauth/sign_in,60046,0,5
1660568770746,0,Debug Sampler Api Login Normal,200,OK,PrivyNormalTest 1-199,text,true,,292,0,2,2,null,0,0,0
1660568710706,60045,ApiLoginNormal,504,Gateway Time-out,PrivyNormalTest 1-200,text,false,,315,297,1,1,http://pretest-qa.dcidev.id/api/v1/oauth/sign_in,60045,0,3
1660568770751,0,Debug Sampler Api Login Normal,200,OK,PrivyNormalTest 1-200,text,true,,292,0,1,1,null,0,0,0
